Name,Type_1,Type_2,Total,HP,Attack,Defense,Speed,isLegendary,Color,Height_m,Weight_kg,Catch_Rate,Body_Style
Bulbasaur,Grass,Poison,318,45,49,49,45,FALSE,Green,0.71,6.9,45,quadruped
Ivysaur,Grass,Poison,405,60,62,63,60,FALSE,Green,0.99,13,45,quadruped
Venusaur,Grass,Poison,525,80,82,83,80,FALSE,Green,2.01,100,45,quadruped
Charmander,Fire,Poison,309,39,52,43,65,FALSE,Red,0.61,8.5,45,bipedal_tailed
Charmeleon,Fire,Poison,405,58,64,58,80,FALSE,Red,1.09,19,45,bipedal_tailed
Charizard,Fire,Flying,534,78,84,78,100,FALSE,Red,1.7,90.5,45,bipedal_tailed
Squirtle,Water,Poison,314,44,48,65,43,FALSE,Blue,0.51,9,45,bipedal_tailed
Wartortle,Water,Poison,405,59,63,80,58,FALSE,Blue,0.99,22.5,45,bipedal_tailed
Blastoise,Water,Poison,530,79,83,100,78,FALSE,Blue,1.6,85.5,45,bipedal_tailed
Caterpie,Bug,Poison,195,45,30,35,45,FALSE,Green,0.3,2.9,255,insectoid
Metapod,Bug,Poison,205,50,20,55,30,FALSE,Green,0.71,9.9,120,serpentine_body
Butterfree,Bug,Flying,395,60,45,50,70,FALSE,White,1.09,32,45,four_wings
Weedle,Bug,Poison,195,40,35,30,50,FALSE,Brown,0.3,3.2,255,serpentine_body
Kakuna,Bug,Poison,205,45,25,50,35,FALSE,Yellow,0.61,10,120,serpentine_body
Beedrill,Bug,Poison,395,65,90,40,75,FALSE,Yellow,0.99,29.5,45,four_wings
Pidgey,Normal,Flying,251,40,45,40,56,FALSE,Brown,0.3,1.8,255,two_wings
Pidgeotto,Normal,Flying,349,63,60,55,71,FALSE,Brown,1.09,30,120,two_wings
Pidgeot,Normal,Flying,479,83,80,75,101,FALSE,Brown,1.5,39.5,45,two_wings
Rattata,Normal,Flying,253,30,56,35,72,FALSE,Purple,0.3,3.5,255,quadruped
Raticate,Normal,Flying,413,55,81,60,97,FALSE,Brown,0.71,18.5,127,quadruped
Spearow,Normal,Flying,262,40,60,30,70,FALSE,Brown,0.3,2,255,two_wings
Fearow,Normal,Flying,442,65,90,65,100,FALSE,Brown,1.19,38,90,two_wings
Ekans,Poison,Flying,288,35,60,44,55,FALSE,Purple,2.01,6.9,255,serpentine_body
Arbok,Poison,Flying,438,60,85,69,80,FALSE,Purple,3.51,65,90,serpentine_body
Pikachu,Electric,Flying,320,35,55,40,90,FALSE,Yellow,0.41,6,190,quadruped
Raichu,Electric,Flying,485,60,90,55,110,FALSE,Yellow,0.79,30,75,bipedal_tailed
Sandshrew,Ground,Flying,300,50,75,85,40,FALSE,Yellow,0.61,12,255,bipedal_tailed
Sandslash,Ground,Flying,450,75,100,110,65,FALSE,Yellow,0.99,29.5,90,bipedal_tailed
Nidoran♀,Poison,Flying,275,55,47,52,41,FALSE,Blue,0.41,7,235,quadruped
Nidorina,Poison,Flying,365,70,62,67,56,FALSE,Blue,0.79,20,120,quadruped
Nidoqueen,Poison,Ground,505,90,92,87,76,FALSE,Blue,1.3,60,45,bipedal_tailed
Nidoran♂,Poison,Ground,273,46,57,40,50,FALSE,Purple,0.51,9,235,quadruped
Nidorino,Poison,Ground,365,61,72,57,65,FALSE,Purple,0.89,19.5,120,quadruped
Nidoking,Poison,Ground,505,81,102,77,85,FALSE,Purple,1.4,62,45,bipedal_tailed
Clefairy,Fairy,Ground,323,70,45,48,35,FALSE,Pink,0.61,7.5,150,bipedal_tailed
Clefable,Fairy,Ground,483,95,70,73,60,FALSE,Pink,1.3,40,25,bipedal_tailed
Vulpix,Fire,Ground,299,38,41,40,65,FALSE,Brown,0.61,9.9,190,quadruped
Ninetales,Fire,Ground,505,73,76,75,100,FALSE,Yellow,1.09,19.9,75,quadruped
Jigglypuff,Normal,Fairy,270,115,45,20,20,FALSE,Pink,0.51,5.5,170,bipedal_tailless
Wigglytuff,Normal,Fairy,435,140,70,45,45,FALSE,Pink,0.99,12,50,bipedal_tailless
Zubat,Poison,Flying,245,40,45,35,55,FALSE,Purple,0.79,7.5,255,two_wings
Golbat,Poison,Flying,455,75,80,70,90,FALSE,Purple,1.6,55,90,two_wings
Oddish,Grass,Poison,320,45,50,55,30,FALSE,Blue,0.51,5.4,255,head_legs
Gloom,Grass,Poison,395,60,65,70,40,FALSE,Blue,0.79,8.6,120,bipedal_tailless
Vileplume,Grass,Poison,490,75,80,85,50,FALSE,Red,1.19,18.6,45,bipedal_tailless
Paras,Bug,Grass,285,35,70,55,25,FALSE,Red,0.3,5.4,190,insectoid
Parasect,Bug,Grass,405,60,95,80,30,FALSE,Red,0.99,29.5,75,insectoid
Venonat,Bug,Poison,305,60,55,50,45,FALSE,Purple,0.99,30,190,bipedal_tailless
Venomoth,Bug,Poison,450,70,65,60,90,FALSE,Purple,1.5,12.5,75,four_wings
Diglett,Ground,Grass,265,10,55,25,95,FALSE,Brown,0.2,0.8,255,head_base
Dugtrio,Ground,Grass,405,35,80,50,120,FALSE,Brown,0.71,33.3,50,multiple_bodies
Meowth,Normal,Grass,290,40,45,35,90,FALSE,Yellow,0.41,4.2,255,quadruped
Persian,Normal,Grass,440,65,70,60,115,FALSE,Yellow,0.99,32,90,quadruped
Psyduck,Water,Grass,320,50,52,48,55,FALSE,Yellow,0.79,19.6,190,bipedal_tailed
Golduck,Water,Grass,500,80,82,78,85,FALSE,Blue,1.7,76.6,75,bipedal_tailed
Mankey,Fighting,Grass,305,40,80,35,70,FALSE,Brown,0.51,28,190,bipedal_tailed
Primeape,Fighting,Grass,455,65,105,60,95,FALSE,Brown,0.99,32,75,bipedal_tailed
Growlithe,Fire,Fighting,350,55,70,45,60,FALSE,Brown,0.71,19,190,quadruped
Arcanine,Fire,Fighting,555,90,110,80,95,FALSE,Brown,1.91,155,75,quadruped
Poliwag,Water,Fighting,300,40,50,40,90,FALSE,Blue,0.61,12.4,255,head_legs
Poliwhirl,Water,Fighting,385,65,65,65,90,FALSE,Blue,0.99,20,120,bipedal_tailless
Poliwrath,Water,Fighting,510,90,95,95,70,FALSE,Blue,1.3,54,45,bipedal_tailless
Abra,Psychic,Fighting,310,25,20,15,90,FALSE,Brown,0.89,19.5,200,bipedal_tailed
Kadabra,Psychic,Fighting,400,40,35,30,105,FALSE,Brown,1.3,56.5,100,bipedal_tailed
Alakazam,Psychic,Fighting,500,55,50,45,120,FALSE,Brown,1.5,48,50,bipedal_tailless
Machop,Fighting,Fighting,305,70,80,50,35,FALSE,Grey,0.79,19.5,180,bipedal_tailed
Machoke,Fighting,Fighting,405,80,100,70,45,FALSE,Grey,1.5,70.5,90,bipedal_tailless
Machamp,Fighting,Fighting,505,90,130,80,55,FALSE,Grey,1.6,130,45,bipedal_tailless
Bellsprout,Grass,Poison,300,50,75,35,40,FALSE,Green,0.71,4,255,bipedal_tailless
Weepinbell,Grass,Poison,390,65,90,50,55,FALSE,Green,0.99,6.4,120,head_base
Victreebel,Grass,Poison,490,80,105,65,70,FALSE,Green,1.7,15.5,45,head_base
Tentacool,Water,Poison,335,40,40,35,70,FALSE,Blue,0.89,45.5,190,several_limbs
Tentacruel,Water,Poison,515,80,70,65,100,FALSE,Blue,1.6,55,60,several_limbs
Geodude,Rock,Ground,300,40,80,100,20,FALSE,Brown,0.41,20,255,head_arms
Graveler,Rock,Ground,390,55,95,115,35,FALSE,Brown,0.99,105,120,bipedal_tailless
Golem,Rock,Ground,495,80,120,130,45,FALSE,Brown,1.4,300,45,bipedal_tailless
Ponyta,Fire,Ground,410,50,85,55,90,FALSE,Yellow,0.99,30,190,quadruped
Rapidash,Fire,Ground,500,65,100,70,105,FALSE,Yellow,1.7,95,60,quadruped
Slowpoke,Water,Psychic,315,90,65,65,15,FALSE,Pink,1.19,36,190,quadruped
Slowbro,Water,Psychic,490,95,75,110,30,FALSE,Pink,1.6,78.5,75,bipedal_tailed
Magnemite,Electric,Steel,325,25,35,70,45,FALSE,Grey,0.3,6,190,head_arms
Magneton,Electric,Steel,465,50,60,95,70,FALSE,Grey,0.99,60,60,multiple_bodies
Farfetch'd,Normal,Flying,352,52,65,55,60,FALSE,Brown,0.79,15,45,two_wings
Doduo,Normal,Flying,310,35,85,45,75,FALSE,Brown,1.4,39.2,190,head_legs
Dodrio,Normal,Flying,460,60,110,70,100,FALSE,Brown,1.8,85.2,45,head_legs
Seel,Water,Ice,325,65,45,55,45,FALSE,White,1.09,90,190,with_fins
Dewgong,Water,Ice,475,90,70,80,70,FALSE,White,1.7,120,75,with_fins
Grimer,Poison,Ice,325,80,80,50,25,FALSE,Purple,0.89,30,190,head_arms
Muk,Poison,Ice,500,105,105,75,50,FALSE,Purple,1.19,30,75,head_arms
Shellder,Water,Ice,305,30,65,100,40,FALSE,Purple,0.3,4,190,head_only
Cloyster,Water,Ice,525,50,95,180,70,FALSE,Purple,1.5,132.5,60,head_only
Gastly,Ghost,Poison,310,30,35,30,80,FALSE,Purple,1.3,0.1,190,head_only
Haunter,Ghost,Poison,405,45,50,45,95,FALSE,Purple,1.6,0.1,90,head_arms
Gengar,Ghost,Poison,500,60,65,60,110,FALSE,Purple,1.5,40.5,45,bipedal_tailed
Onix,Rock,Ground,385,35,45,160,70,FALSE,Grey,8.79,210,45,serpentine_body
Drowzee,Psychic,Psychic,328,60,48,45,42,FALSE,Yellow,0.99,32.4,190,bipedal_tailless
Hypno,Psychic,Psychic,483,85,73,70,67,FALSE,Yellow,1.6,75.6,75,bipedal_tailless
Krabby,Water,Psychic,325,30,105,90,50,FALSE,Red,0.41,6.5,225,insectoid
Kingler,Water,Psychic,475,55,130,115,75,FALSE,Red,1.3,60,60,insectoid
Voltorb,Electric,Psychic,330,40,30,50,100,FALSE,Red,0.51,10.4,190,head_only
Electrode,Electric,Psychic,480,60,50,70,140,FALSE,Red,1.19,66.6,60,head_only
Exeggcute,Grass,Psychic,325,60,40,80,40,FALSE,Pink,0.41,2.5,90,multiple_bodies
Exeggutor,Grass,Psychic,520,95,95,85,55,FALSE,Yellow,2.01,120,45,head_legs
Cubone,Ground,Rock,320,50,50,95,35,FALSE,Brown,0.41,6.5,190,bipedal_tailed
Marowak,Ground,Rock,425,60,80,110,45,FALSE,Brown,0.99,45,75,bipedal_tailed
Hitmonlee,Fighting,Rock,455,50,120,53,87,FALSE,Brown,1.5,49.8,45,bipedal_tailless
Hitmonchan,Fighting,Rock,455,50,105,79,76,FALSE,Brown,1.4,50.2,45,bipedal_tailless
Lickitung,Normal,Rock,385,90,55,75,30,FALSE,Pink,1.19,65.5,45,bipedal_tailed
Koffing,Poison,Rock,340,40,65,95,35,FALSE,Purple,0.61,1,190,head_only
Weezing,Poison,Rock,490,65,90,120,60,FALSE,Purple,1.19,9.5,60,multiple_bodies
Rhyhorn,Ground,Rock,345,80,85,95,25,FALSE,Grey,0.99,115,120,quadruped
Rhydon,Ground,Rock,485,105,130,120,40,FALSE,Grey,1.91,120,60,bipedal_tailed
Chansey,Normal,Ice,450,250,5,5,50,FALSE,Pink,1.09,34.6,30,bipedal_tailed
Tangela,Grass,Ice,435,65,55,115,60,FALSE,Blue,0.99,35,45,head_legs
Kangaskhan,Normal,Ice,490,105,95,80,90,FALSE,Brown,2.21,80,45,bipedal_tailed
Horsea,Water,Ice,295,30,40,70,60,FALSE,Blue,0.41,8,225,head_base
Seadra,Water,Ice,440,55,65,95,85,FALSE,Blue,1.19,25,75,head_base
Goldeen,Water,Ice,320,45,67,60,63,FALSE,Red,0.61,15,225,with_fins
Seaking,Water,Ice,450,80,92,65,68,FALSE,Red,1.3,39,60,with_fins
Staryu,Water,Ice,340,30,45,55,85,FALSE,Brown,0.79,34.5,225,head_base
Starmie,Water,Psychic,520,60,75,85,115,FALSE,Purple,1.09,80,60,head_base
Mr._Mime,Psychic,Fairy,460,40,45,65,90,FALSE,Pink,1.3,54.5,45,bipedal_tailless
Scyther,Bug,Flying,500,70,110,80,105,FALSE,Green,1.5,56,45,four_wings
Jynx,Ice,Psychic,455,65,50,35,95,FALSE,Red,1.4,40.6,45,bipedal_tailless
Electabuzz,Electric,Ice,490,65,83,57,105,FALSE,Yellow,1.09,30,45,bipedal_tailed
Magmar,Fire,Ice,495,65,95,57,93,FALSE,Red,1.3,44.5,45,bipedal_tailed
Pinsir,Bug,Ice,500,65,125,100,85,FALSE,Brown,1.5,55,45,bipedal_tailless
Tauros,Normal,Ice,490,75,100,95,110,FALSE,Brown,1.4,88.4,45,quadruped
Magikarp,Water,Ice,200,20,10,55,80,FALSE,Red,0.89,10,255,with_fins
Gyarados,Water,Flying,540,95,125,79,81,FALSE,Blue,6.5,235,45,serpentine_body
Lapras,Water,Ice,535,130,85,80,60,FALSE,Blue,2.49,220,45,with_fins
Ditto,Normal,Electric,288,48,48,48,48,FALSE,Purple,0.3,4,35,head_only
Eevee,Normal,Electric,325,55,55,50,55,FALSE,Brown,0.3,6.5,45,quadruped
Vaporeon,Water,Electric,525,130,65,60,65,FALSE,Blue,0.99,29,45,quadruped
Jolteon,Electric,Electric,525,65,65,60,130,FALSE,Yellow,0.79,24.5,45,quadruped
Flareon,Fire,Electric,525,65,130,60,65,FALSE,Red,0.89,25,45,quadruped
Porygon,Normal,Electric,395,65,60,70,40,FALSE,Pink,0.79,36.5,45,head_legs
Omanyte,Rock,Water,355,35,40,100,35,FALSE,Blue,0.41,7.5,45,several_limbs
Omastar,Rock,Water,495,70,60,125,55,FALSE,Blue,0.99,35,45,several_limbs
Kabuto,Rock,Water,355,30,80,90,55,FALSE,Brown,0.51,11.5,45,insectoid
Kabutops,Rock,Water,495,60,115,105,80,FALSE,Brown,1.3,40.5,45,bipedal_tailed
Aerodactyl,Rock,Flying,515,80,105,65,130,FALSE,Purple,1.8,59,45,two_wings
Snorlax,Normal,Electric,540,160,110,65,30,FALSE,Black,2.11,460,25,bipedal_tailless
Articuno,Ice,Flying,580,90,85,100,85,TRUE,Blue,1.7,55.4,3,two_wings
Zapdos,Electric,Flying,580,90,90,85,100,TRUE,Yellow,1.6,52.6,3,two_wings
Moltres,Fire,Flying,580,90,100,90,90,TRUE,Yellow,2.01,60,3,two_wings
Dratini,Dragon,Electric,300,41,64,45,50,FALSE,Blue,1.8,3.3,45,serpentine_body
Dragonair,Dragon,Electric,420,61,84,65,70,FALSE,Blue,3.99,16.5,45,serpentine_body
Dragonite,Dragon,Flying,600,91,134,95,80,FALSE,Brown,2.21,210,45,bipedal_tailed
Mewtwo,Psychic,Electric,680,106,110,90,130,TRUE,Purple,2.01,122,3,bipedal_tailed
Mew,Psychic,Electric,600,100,100,100,100,FALSE,Pink,0.41,4,45,bipedal_tailed
Chikorita,Grass,Electric,318,45,49,65,45,FALSE,Green,0.89,6.4,45,quadruped
Bayleef,Grass,Electric,405,60,62,80,60,FALSE,Green,1.19,15.8,45,quadruped
Meganium,Grass,Electric,525,80,82,100,80,FALSE,Green,1.8,100.5,45,quadruped
Cyndaquil,Fire,Electric,309,39,52,43,65,FALSE,Yellow,0.51,7.9,45,bipedal_tailless
Quilava,Fire,Electric,405,58,64,58,80,FALSE,Yellow,0.89,19,45,quadruped
Typhlosion,Fire,Electric,534,78,84,78,100,FALSE,Yellow,1.7,79.5,45,quadruped
Totodile,Water,Electric,314,50,65,64,43,FALSE,Blue,0.61,9.5,45,bipedal_tailed
Croconaw,Water,Electric,405,65,80,80,58,FALSE,Blue,1.09,25,45,bipedal_tailed
Feraligatr,Water,Electric,530,85,105,100,78,FALSE,Blue,2.31,88.8,45,bipedal_tailed
Sentret,Normal,Electric,215,35,46,34,20,FALSE,Brown,0.79,6,255,quadruped
Furret,Normal,Electric,415,85,76,64,90,FALSE,Brown,1.8,32.5,90,quadruped
Hoothoot,Normal,Flying,262,60,30,30,50,FALSE,Brown,0.71,21.2,255,two_wings
Noctowl,Normal,Flying,442,100,50,50,70,FALSE,Brown,1.6,40.8,90,two_wings
Ledyba,Bug,Flying,265,40,20,30,55,FALSE,Red,0.99,10.8,255,two_wings
Ledian,Bug,Flying,390,55,35,50,85,FALSE,Red,1.4,35.6,90,two_wings
Spinarak,Bug,Poison,250,40,60,40,30,FALSE,Green,0.51,8.5,255,insectoid
Ariados,Bug,Poison,390,70,90,70,40,FALSE,Red,1.09,33.5,90,insectoid
Crobat,Poison,Flying,535,85,90,80,130,FALSE,Purple,1.8,75,90,four_wings
Chinchou,Water,Electric,330,75,38,38,67,FALSE,Blue,0.51,12,190,with_fins
Lanturn,Water,Electric,460,125,58,58,67,FALSE,Blue,1.19,22.5,75,with_fins
Pichu,Electric,Flying,205,20,40,15,60,FALSE,Yellow,0.3,2,190,quadruped
Cleffa,Fairy,Flying,218,50,25,28,15,FALSE,Pink,0.3,3,150,bipedal_tailed
Igglybuff,Normal,Fairy,210,90,30,15,15,FALSE,Pink,0.3,1,170,bipedal_tailless
Togepi,Fairy,Flying,245,35,20,65,20,FALSE,White,0.3,1.5,190,bipedal_tailless
Togetic,Fairy,Flying,405,55,40,85,40,FALSE,White,0.61,3.2,75,bipedal_tailless
Natu,Psychic,Flying,320,40,50,45,70,FALSE,Green,0.2,2,190,two_wings
Xatu,Psychic,Flying,470,65,75,70,95,FALSE,Green,1.5,15,75,two_wings
Mareep,Electric,Flying,280,55,40,40,35,FALSE,White,0.61,7.8,235,quadruped
Flaaffy,Electric,Flying,365,70,55,55,45,FALSE,Pink,0.79,13.3,120,bipedal_tailed
Ampharos,Electric,Flying,510,90,75,85,55,FALSE,Yellow,1.4,61.5,45,bipedal_tailed
Bellossom,Grass,Flying,490,75,80,95,50,FALSE,Green,0.41,5.8,45,bipedal_tailless
Marill,Water,Fairy,250,70,20,50,40,FALSE,Blue,0.41,8.5,190,bipedal_tailed
Azumarill,Water,Fairy,420,100,50,80,50,FALSE,Blue,0.79,28.5,75,bipedal_tailed
Sudowoodo,Rock,Flying,410,70,100,115,30,FALSE,Brown,1.19,38,65,bipedal_tailless
Politoed,Water,Flying,500,90,75,75,70,FALSE,Green,1.09,33.9,45,bipedal_tailed
Hoppip,Grass,Flying,250,35,35,40,50,FALSE,Pink,0.41,0.5,255,bipedal_tailed
Skiploom,Grass,Flying,340,55,45,50,80,FALSE,Green,0.61,1,120,bipedal_tailed
Jumpluff,Grass,Flying,460,75,55,70,110,FALSE,Blue,0.79,3,45,bipedal_tailed
Aipom,Normal,Flying,360,55,70,55,85,FALSE,Purple,0.79,11.5,45,bipedal_tailed
Sunkern,Grass,Flying,180,30,30,30,30,FALSE,Yellow,0.3,1.8,235,head_only
Sunflora,Grass,Flying,425,75,75,55,30,FALSE,Yellow,0.79,8.5,120,bipedal_tailless
Yanma,Bug,Flying,390,65,65,45,95,FALSE,Red,1.19,38,75,four_wings
Wooper,Water,Ground,210,55,45,45,15,FALSE,Blue,0.41,8.5,255,head_legs
Quagsire,Water,Ground,430,95,85,85,35,FALSE,Blue,1.4,75,90,bipedal_tailed
Espeon,Psychic,Flying,525,65,65,60,110,FALSE,Purple,0.89,26.5,45,quadruped
Umbreon,Dark,Flying,525,95,65,110,65,FALSE,Black,0.99,27,45,quadruped
Murkrow,Dark,Flying,405,60,85,42,91,FALSE,Black,0.51,2.1,30,two_wings
Slowking,Water,Psychic,490,95,75,80,30,FALSE,Pink,2.01,79.5,70,bipedal_tailed
Misdreavus,Ghost,Bug,435,60,60,60,85,FALSE,Purple,0.71,1,45,head_only
Unown,Psychic,Bug,336,48,72,48,48,FALSE,Black,0.51,5,225,head_only
Wobbuffet,Psychic,Bug,405,190,33,58,33,FALSE,Blue,1.3,28.5,45,head_base
Girafarig,Normal,Psychic,455,70,80,65,85,FALSE,Yellow,1.5,41.5,60,quadruped
Pineco,Bug,Bug,290,50,65,90,15,FALSE,Grey,0.61,7.2,190,head_only
Forretress,Bug,Steel,465,75,90,140,40,FALSE,Purple,1.19,125.8,75,head_only
Dunsparce,Normal,Bug,415,100,70,70,45,FALSE,Yellow,1.5,14,190,serpentine_body
Gligar,Ground,Flying,430,65,75,105,85,FALSE,Purple,1.09,64.8,60,two_wings
Steelix,Steel,Ground,510,75,85,200,30,FALSE,Grey,9.19,400,25,serpentine_body
Snubbull,Fairy,Bug,300,60,80,50,30,FALSE,Pink,0.61,7.8,190,bipedal_tailless
Granbull,Fairy,Bug,450,90,120,75,45,FALSE,Purple,1.4,48.7,75,bipedal_tailed
Qwilfish,Water,Poison,430,65,95,75,85,FALSE,Grey,0.51,3.9,45,with_fins
Scizor,Bug,Steel,500,70,130,100,65,TRUE,Red,1.8,118,25,four_wings
Shuckle,Bug,Rock,505,20,10,230,5,FALSE,Yellow,0.61,20.5,190,insectoid
Heracross,Bug,Fighting,500,80,125,75,85,FALSE,Blue,1.5,54,45,bipedal_tailless
Sneasel,Dark,Ice,430,55,95,55,115,FALSE,Black,0.89,28,60,bipedal_tailed
Teddiursa,Normal,Bug,330,60,80,50,40,FALSE,Brown,0.61,8.8,120,bipedal_tailed
Ursaring,Normal,Bug,500,90,130,75,55,FALSE,Brown,1.8,125.8,60,bipedal_tailed
Slugma,Fire,Bug,250,40,40,40,20,FALSE,Red,0.71,35,190,serpentine_body
Magcargo,Fire,Rock,410,50,50,120,30,FALSE,Red,0.79,55,75,serpentine_body
Swinub,Ice,Ground,250,50,50,40,50,FALSE,Brown,0.41,6.5,225,quadruped
Piloswine,Ice,Ground,450,100,100,80,50,FALSE,Brown,1.09,55.8,75,quadruped
Corsola,Water,Rock,380,55,55,85,35,FALSE,Pink,0.61,5,60,insectoid
Remoraid,Water,Bug,300,35,65,35,65,FALSE,Grey,0.61,12,190,with_fins
Octillery,Water,Bug,480,75,105,75,45,FALSE,Red,0.89,28.5,75,several_limbs
Delibird,Ice,Flying,330,45,55,45,75,FALSE,Red,0.89,16,45,two_wings
Mantine,Water,Flying,465,65,40,70,70,FALSE,Purple,2.11,220,25,two_wings
Skarmory,Steel,Flying,465,65,80,140,70,FALSE,Grey,1.7,50.5,25,two_wings
Houndour,Dark,Fire,330,45,60,30,65,FALSE,Black,0.61,10.8,120,quadruped
Houndoom,Dark,Fire,500,75,90,50,95,FALSE,Black,1.4,35,45,quadruped
Kingdra,Water,Dragon,540,75,95,95,85,FALSE,Blue,1.8,152,45,head_base
Phanpy,Ground,Bug,330,90,60,60,40,FALSE,Blue,0.51,33.5,120,quadruped
Donphan,Ground,Bug,500,90,120,120,50,FALSE,Grey,1.09,120,60,quadruped
Porygon2,Normal,Bug,515,85,80,90,60,FALSE,Red,0.61,32.5,45,head_legs
Stantler,Normal,Bug,465,73,95,62,85,FALSE,Brown,1.4,71.2,45,quadruped
Smeargle,Normal,Bug,250,55,20,35,75,FALSE,White,1.19,58,45,bipedal_tailed
Tyrogue,Fighting,Bug,210,35,35,35,35,FALSE,Purple,0.71,21,75,bipedal_tailless
Hitmontop,Fighting,Bug,455,50,95,95,70,FALSE,Brown,1.4,48,45,bipedal_tailed
Smoochum,Ice,Psychic,305,45,30,15,65,FALSE,Pink,0.41,6,45,bipedal_tailless
Elekid,Electric,Bug,360,45,63,37,95,FALSE,Yellow,0.61,23.5,45,bipedal_tailless
Magby,Fire,Bug,365,45,75,37,83,FALSE,Red,0.71,21.4,45,bipedal_tailed
Miltank,Normal,Bug,490,95,80,105,100,FALSE,Pink,1.19,75.5,45,bipedal_tailed
Blissey,Normal,Bug,540,255,10,10,55,FALSE,Pink,1.5,46.8,30,bipedal_tailless
Raikou,Electric,Bug,580,90,85,75,115,TRUE,Yellow,1.91,178,3,quadruped
Entei,Fire,Bug,580,115,115,85,100,TRUE,Brown,2.11,198,3,quadruped
Suicune,Water,Bug,580,100,75,115,85,TRUE,Blue,2.01,187,3,quadruped
Larvitar,Rock,Ground,300,50,64,50,41,FALSE,Green,0.61,72,45,bipedal_tailed
Pupitar,Rock,Ground,410,70,84,70,51,FALSE,Grey,1.19,152,45,serpentine_body
Tyranitar,Rock,Dark,600,100,134,110,61,FALSE,Green,2.01,202,45,bipedal_tailed
Lugia,Psychic,Flying,680,106,90,130,110,TRUE,White,5.21,216,3,two_wings
Ho-Oh,Fire,Flying,680,106,130,90,90,TRUE,Red,3.81,199,3,two_wings
Celebi,Psychic,Grass,600,100,100,100,100,FALSE,Green,0.61,5,45,bipedal_tailless
Treecko,Grass,Bug,310,40,45,35,70,FALSE,Green,0.51,5,45,bipedal_tailed
Grovyle,Grass,Bug,405,50,65,45,95,FALSE,Green,0.89,21.6,45,bipedal_tailed
Sceptile,Grass,Bug,530,70,85,65,120,FALSE,Green,1.7,52.2,45,bipedal_tailed
Torchic,Fire,Bug,310,45,60,40,45,FALSE,Red,0.41,2.5,45,head_legs
Combusken,Fire,Fighting,405,60,85,60,55,FALSE,Red,0.89,19.5,45,bipedal_tailed
Blaziken,Fire,Fighting,530,80,120,70,80,FALSE,Red,1.91,52,45,bipedal_tailed
Mudkip,Water,Bug,310,50,70,50,40,FALSE,Blue,0.41,7.6,45,quadruped
Marshtomp,Water,Ground,405,70,85,70,50,FALSE,Blue,0.71,28,45,bipedal_tailed
Swampert,Water,Ground,535,100,110,90,60,FALSE,Blue,1.5,81.9,45,bipedal_tailed
Poochyena,Dark,Bug,220,35,55,35,35,FALSE,Grey,0.51,13.6,255,quadruped
Mightyena,Dark,Bug,420,70,90,70,70,FALSE,Grey,0.99,37,127,quadruped
Zigzagoon,Normal,Bug,240,38,30,41,60,FALSE,Brown,0.41,17.5,255,quadruped
Linoone,Normal,Bug,420,78,70,61,100,FALSE,White,0.51,32.5,90,quadruped
Wurmple,Bug,Bug,195,45,45,35,20,FALSE,Red,0.3,3.6,255,serpentine_body
Silcoon,Bug,Bug,205,50,35,55,15,FALSE,White,0.61,10,120,head_only
Beautifly,Bug,Flying,395,60,70,50,65,FALSE,Yellow,0.99,28.4,45,four_wings
Cascoon,Bug,Bug,205,50,35,55,15,FALSE,Purple,0.71,11.5,120,head_only
Dustox,Bug,Poison,385,60,50,70,65,FALSE,Green,1.19,31.6,45,four_wings
Lotad,Water,Grass,220,40,30,30,30,FALSE,Green,0.51,2.6,255,insectoid
Lombre,Water,Grass,340,60,50,50,50,FALSE,Green,1.19,32.5,120,bipedal_tailless
Ludicolo,Water,Grass,480,80,70,70,70,FALSE,Green,1.5,55,45,bipedal_tailless
Seedot,Grass,Bug,220,40,40,50,30,FALSE,Brown,0.51,4,255,head_legs
Nuzleaf,Grass,Dark,340,70,70,40,60,FALSE,Brown,0.99,28,120,bipedal_tailless
Shiftry,Grass,Dark,480,90,100,60,80,FALSE,Brown,1.3,59.6,45,bipedal_tailless
Taillow,Normal,Flying,270,40,55,30,85,FALSE,Blue,0.3,2.3,200,two_wings
Swellow,Normal,Flying,430,60,85,60,125,FALSE,Blue,0.71,19.8,45,two_wings
Wingull,Water,Flying,270,40,30,30,85,FALSE,White,0.61,9.5,190,two_wings
Pelipper,Water,Flying,430,60,50,100,65,FALSE,Yellow,1.19,28,45,two_wings
Ralts,Psychic,Fairy,198,28,25,25,40,FALSE,White,0.41,6.6,235,bipedal_tailless
Kirlia,Psychic,Fairy,278,38,35,35,50,FALSE,White,0.79,20.2,120,bipedal_tailless
Gardevoir,Psychic,Fairy,518,68,65,65,80,FALSE,White,1.6,48.4,45,bipedal_tailless
Surskit,Bug,Water,269,40,30,32,65,FALSE,Blue,0.51,1.7,200,insectoid
Masquerain,Bug,Flying,414,70,60,62,60,FALSE,Blue,0.79,3.6,75,four_wings
Shroomish,Grass,Bug,295,60,40,60,35,FALSE,Brown,0.41,4.5,255,head_legs
Breloom,Grass,Fighting,460,60,130,80,70,FALSE,Green,1.19,39.2,90,bipedal_tailed
Slakoth,Normal,Bug,280,60,60,60,30,FALSE,Brown,0.79,24,255,quadruped
Vigoroth,Normal,Bug,440,80,80,80,90,FALSE,White,1.4,46.5,120,bipedal_tailed
Slaking,Normal,Bug,670,150,160,100,100,FALSE,Brown,2.01,130.5,45,bipedal_tailless
Nincada,Bug,Ground,266,31,45,90,40,FALSE,Grey,0.51,5.5,255,insectoid
Ninjask,Bug,Flying,456,61,90,45,160,FALSE,Yellow,0.79,12,120,four_wings
Shedinja,Bug,Ghost,236,1,90,45,40,FALSE,Brown,0.79,1.2,45,head_base
Whismur,Normal,Bug,240,64,51,23,28,FALSE,Pink,0.61,16.3,190,bipedal_tailed
Loudred,Normal,Bug,360,84,71,43,48,FALSE,Blue,0.99,40.5,120,bipedal_tailed
Exploud,Normal,Bug,490,104,91,63,68,FALSE,Blue,1.5,84,45,bipedal_tailed
Makuhita,Fighting,Bug,237,72,60,30,25,FALSE,Yellow,0.99,86.4,180,bipedal_tailless
Hariyama,Fighting,Bug,474,144,120,60,50,FALSE,Brown,2.31,253.8,200,bipedal_tailless
Azurill,Normal,Fairy,190,50,20,40,20,FALSE,Blue,0.2,2,150,head_legs
Nosepass,Rock,Bug,375,30,45,135,30,FALSE,Grey,0.99,97,255,bipedal_tailless
Skitty,Normal,Bug,260,50,45,45,50,FALSE,Pink,0.61,11,255,quadruped
Delcatty,Normal,Bug,380,70,65,65,70,FALSE,Purple,1.09,32.6,60,quadruped
Sableye,Dark,Ghost,380,50,75,75,50,FALSE,Purple,0.51,11,45,bipedal_tailless
Mawile,Steel,Fairy,380,50,85,85,50,FALSE,Black,0.61,11.5,45,bipedal_tailless
Aron,Steel,Rock,330,50,70,100,30,FALSE,Grey,0.41,60,180,quadruped
Lairon,Steel,Rock,430,60,90,140,40,FALSE,Grey,0.89,120,90,quadruped
Aggron,Steel,Rock,530,70,110,180,50,FALSE,Grey,2.11,360,45,bipedal_tailed
Meditite,Fighting,Psychic,280,30,40,55,60,FALSE,Blue,0.61,11.2,180,bipedal_tailless
Medicham,Fighting,Psychic,410,60,60,75,80,FALSE,Red,1.3,31.5,90,bipedal_tailless
Electrike,Electric,Bug,295,40,45,40,65,FALSE,Green,0.61,15.2,120,quadruped
Manectric,Electric,Bug,475,70,75,60,105,FALSE,Yellow,1.5,40.2,45,quadruped
Plusle,Electric,Bug,405,60,50,40,95,FALSE,Yellow,0.41,4.2,200,bipedal_tailed
Minun,Electric,Bug,405,60,40,50,95,FALSE,Yellow,0.41,4.2,200,bipedal_tailed
Volbeat,Bug,Bug,400,65,73,55,85,FALSE,Grey,0.71,17.7,150,bipedal_tailed
Illumise,Bug,Bug,400,65,47,55,85,FALSE,Purple,0.61,17.7,150,bipedal_tailless
Roselia,Grass,Poison,400,50,60,45,65,FALSE,Green,0.3,2,150,bipedal_tailless
Gulpin,Poison,Bug,302,70,43,53,40,FALSE,Green,0.41,10.3,225,head_arms
Swalot,Poison,Bug,467,100,73,83,55,FALSE,Purple,1.7,80,75,head_arms
Carvanha,Water,Dark,305,45,90,20,65,FALSE,Red,0.79,20.8,225,with_fins
Sharpedo,Water,Dark,460,70,120,40,95,FALSE,Blue,1.8,88.8,60,with_fins
Wailmer,Water,Bug,400,130,70,35,60,FALSE,Blue,2.01,130,125,with_fins
Wailord,Water,Bug,500,170,90,45,60,FALSE,Blue,14.5,398,60,with_fins
Numel,Fire,Ground,305,60,60,40,35,FALSE,Yellow,0.71,24,255,quadruped
Camerupt,Fire,Ground,460,70,100,70,40,FALSE,Red,1.91,220,150,quadruped
Torkoal,Fire,Bug,470,70,85,140,20,FALSE,Brown,0.51,80.4,90,quadruped
Spoink,Psychic,Bug,330,60,25,35,60,FALSE,Black,0.71,30.6,255,head_arms
Grumpig,Psychic,Bug,470,80,45,65,80,FALSE,Purple,0.89,71.5,60,bipedal_tailed
Spinda,Normal,Bug,360,60,60,60,60,FALSE,Brown,1.09,5,255,bipedal_tailed
Trapinch,Ground,Bug,290,45,100,45,10,TRUE,Brown,0.71,15,255,insectoid
Vibrava,Ground,Dragon,340,50,70,50,70,TRUE,Green,1.09,15.3,120,four_wings
Flygon,Ground,Dragon,520,80,100,80,100,TRUE,Green,2.01,82,45,two_wings
Cacnea,Grass,Bug,335,50,85,40,35,TRUE,Green,0.41,51.3,190,bipedal_tailless
Cacturne,Grass,Dark,475,70,115,60,55,TRUE,Green,1.3,77.4,60,bipedal_tailless
Swablu,Normal,Flying,310,45,40,60,50,TRUE,Blue,0.41,1.2,255,two_wings
Altaria,Dragon,Flying,490,75,70,90,80,TRUE,Blue,1.09,20.6,45,two_wings
Zangoose,Normal,Bug,458,73,115,60,90,TRUE,White,1.3,40.3,90,bipedal_tailed
Seviper,Poison,Bug,458,73,100,60,65,TRUE,Black,2.69,52.5,90,serpentine_body
Lunatone,Rock,Psychic,440,70,55,65,70,TRUE,Yellow,0.99,168,45,head_only
Solrock,Rock,Psychic,440,70,95,85,70,TRUE,Red,1.19,154,45,head_only
Barboach,Water,Ground,288,50,48,43,60,TRUE,Grey,0.41,1.9,190,with_fins
Whiscash,Water,Ground,468,110,78,73,60,TRUE,Blue,0.89,23.6,75,with_fins
Corphish,Water,Bug,308,43,80,65,35,TRUE,Red,0.61,11.5,205,insectoid
Crawdaunt,Water,Dark,468,63,120,85,55,TRUE,Red,1.09,32.8,155,insectoid
Baltoy,Ground,Psychic,300,40,40,55,55,TRUE,Brown,0.51,21.5,255,head_arms
Claydol,Ground,Psychic,500,60,70,105,75,TRUE,Black,1.5,108,90,head_arms
Lileep,Rock,Grass,355,66,41,77,23,FALSE,Purple,0.99,23.8,45,head_base
Cradily,Rock,Grass,495,86,81,97,43,FALSE,Green,1.5,60.4,45,head_base
Anorith,Rock,Bug,355,45,95,50,75,FALSE,Grey,0.71,12.5,45,insectoid
Armaldo,Rock,Bug,495,75,125,100,45,FALSE,Grey,1.5,68.2,45,bipedal_tailed
Feebas,Water,Water,200,20,15,20,80,FALSE,Brown,0.61,7.4,255,with_fins
Milotic,Water,Water,540,95,60,79,81,FALSE,Pink,6.2,162,60,serpentine_body
Castform,Normal,Water,420,70,70,70,70,FALSE,White,0.3,0.8,45,head_only
Kecleon,Normal,Water,440,60,90,70,40,FALSE,Green,0.99,22,200,bipedal_tailed
Shuppet,Ghost,Water,295,44,75,35,45,FALSE,Black,0.61,2.3,225,head_only
Banette,Ghost,Water,455,64,115,65,65,FALSE,Black,1.09,12.5,45,bipedal_tailed
Duskull,Ghost,Water,295,20,40,90,25,FALSE,Black,0.79,15,190,head_arms
Dusclops,Ghost,Water,455,40,70,130,25,FALSE,Black,1.6,30.6,90,bipedal_tailless
Tropius,Grass,Flying,460,99,68,83,51,FALSE,Green,2.01,100,200,quadruped
Chimecho,Psychic,Water,425,65,50,70,65,FALSE,Blue,0.61,1,45,head_arms
Absol,Dark,Water,465,65,130,60,75,FALSE,White,1.19,47,30,quadruped
Wynaut,Psychic,Water,260,95,23,48,23,FALSE,Blue,0.61,14,125,bipedal_tailed
Snorunt,Ice,Water,300,50,50,50,50,FALSE,Grey,0.71,16.8,190,bipedal_tailless
Glalie,Ice,Water,480,80,80,80,80,FALSE,Grey,1.5,256.5,75,head_only
Spheal,Ice,Water,290,70,40,50,25,FALSE,Blue,0.79,39.5,255,with_fins
Sealeo,Ice,Water,410,90,60,70,45,FALSE,Blue,1.09,87.6,120,with_fins
Walrein,Ice,Water,530,110,80,90,65,FALSE,Blue,1.4,150.6,45,quadruped
Clamperl,Water,Flying,345,35,64,85,32,FALSE,Blue,0.41,52.5,255,head_only
Huntail,Water,Flying,485,55,104,105,52,FALSE,Blue,1.7,27,60,serpentine_body
Gorebyss,Water,Flying,485,55,84,105,52,FALSE,Pink,1.8,22.6,60,serpentine_body
Relicanth,Water,Rock,485,100,90,130,55,FALSE,Grey,0.99,23.4,25,with_fins
Luvdisc,Water,Flying,330,43,30,55,97,FALSE,Pink,0.61,8.7,225,with_fins
Bagon,Dragon,Flying,300,45,75,60,50,FALSE,Blue,0.61,42.1,45,bipedal_tailless
Shelgon,Dragon,Flying,420,65,95,100,50,FALSE,White,1.09,110.5,45,quadruped
Salamence,Dragon,Flying,600,95,135,80,100,FALSE,Blue,1.5,102.6,45,quadruped
Beldum,Steel,Psychic,300,40,55,80,30,FALSE,Blue,0.61,95.2,3,head_base
Metang,Steel,Psychic,420,60,75,100,50,FALSE,Blue,1.19,202.5,3,head_arms
Metagross,Steel,Psychic,600,80,135,130,70,FALSE,Blue,1.6,550,3,multiple_bodies
Regirock,Rock,Psychic,580,80,100,200,50,TRUE,Brown,1.7,230,3,bipedal_tailless
Regice,Ice,Psychic,580,80,50,100,50,TRUE,Blue,1.8,175,3,bipedal_tailless
Registeel,Steel,Psychic,580,80,75,150,50,TRUE,Grey,1.91,205,3,bipedal_tailless
Latias,Dragon,Psychic,600,80,80,90,110,TRUE,Red,1.4,40,3,two_wings
Latios,Dragon,Psychic,600,80,90,80,110,TRUE,Blue,2.01,60,3,two_wings
Kyogre,Water,Psychic,670,100,100,90,90,TRUE,Blue,4.5,352,3,with_fins
Groudon,Ground,Psychic,670,100,150,140,90,TRUE,Red,3.51,950,3,bipedal_tailed
Rayquaza,Dragon,Flying,680,105,150,90,95,TRUE,Green,7.01,206.5,45,serpentine_body
Jirachi,Steel,Psychic,600,100,100,100,100,TRUE,Yellow,0.3,1.1,3,bipedal_tailless
Deoxys,Psychic,Psychic,600,50,150,50,150,TRUE,Red,1.7,60.8,3,bipedal_tailless
Turtwig,Grass,Psychic,318,55,68,64,31,TRUE,Green,0.41,10.2,45,quadruped
Grotle,Grass,Psychic,405,75,89,85,36,TRUE,Green,1.09,97,45,quadruped
Torterra,Grass,Ground,525,95,109,105,56,TRUE,Green,2.21,310,45,quadruped
Chimchar,Fire,Psychic,309,44,58,44,61,TRUE,Brown,0.51,6.2,45,bipedal_tailed
Monferno,Fire,Fighting,405,64,78,52,81,TRUE,Brown,0.89,22,45,bipedal_tailed
Infernape,Fire,Fighting,534,76,104,71,108,TRUE,Brown,1.19,55,45,bipedal_tailed
Piplup,Water,Flying,314,53,51,53,40,TRUE,Blue,0.41,5.2,45,bipedal_tailless
Prinplup,Water,Flying,405,64,66,68,50,TRUE,Blue,0.79,23,45,bipedal_tailed
Empoleon,Water,Steel,530,84,86,88,60,TRUE,Blue,1.7,84.5,45,bipedal_tailed
Starly,Normal,Flying,245,40,55,30,60,TRUE,Brown,0.3,2,255,two_wings
Staravia,Normal,Flying,340,55,75,50,80,TRUE,Brown,0.61,15.5,120,two_wings
Staraptor,Normal,Flying,485,85,120,70,100,TRUE,Brown,1.19,24.9,45,two_wings
Bidoof,Normal,Flying,250,59,45,40,31,TRUE,Brown,0.51,20,255,quadruped
Bibarel,Normal,Water,410,79,85,60,71,TRUE,Brown,0.99,31.5,127,bipedal_tailed
Kricketot,Bug,Flying,194,37,25,41,25,TRUE,Red,0.3,2.2,255,bipedal_tailless
Kricketune,Bug,Flying,384,77,85,51,65,TRUE,Red,0.99,25.5,45,four_wings
Shinx,Electric,Flying,263,45,65,34,45,TRUE,Blue,0.51,9.5,235,quadruped
Luxio,Electric,Flying,363,60,85,49,60,TRUE,Blue,0.89,30.5,120,quadruped
Luxray,Electric,Flying,523,80,120,79,70,TRUE,Blue,1.4,42,45,quadruped
Budew,Grass,Poison,280,40,30,35,55,TRUE,Green,0.2,1.2,255,bipedal_tailless
Roserade,Grass,Poison,515,60,70,65,90,TRUE,Green,0.89,14.5,75,bipedal_tailless
Cranidos,Rock,Flying,350,67,125,40,58,TRUE,Blue,0.89,31.5,45,bipedal_tailed
Rampardos,Rock,Flying,495,97,165,60,58,TRUE,Blue,1.6,102.5,45,bipedal_tailed
Shieldon,Rock,Steel,350,30,42,118,30,TRUE,Grey,0.51,57,45,quadruped
Bastiodon,Rock,Steel,495,60,52,168,30,TRUE,Grey,1.3,149.5,45,quadruped
Burmy,Bug,Flying,224,40,29,45,36,TRUE,Grey,0.2,3.4,120,head_base
Wormadam,Bug,Grass,424,60,59,85,36,TRUE,Grey,0.51,6.5,45,head_base
Mothim,Bug,Flying,424,70,94,50,66,TRUE,Yellow,0.89,23.3,45,four_wings
Combee,Bug,Flying,244,30,30,42,70,TRUE,Yellow,0.3,5.5,120,multiple_bodies
Vespiquen,Bug,Flying,474,70,80,102,40,TRUE,Yellow,1.19,38.5,45,four_wings
Pachirisu,Electric,Flying,405,60,45,70,95,TRUE,White,0.41,3.9,200,quadruped
Buizel,Water,Flying,330,55,65,35,85,TRUE,Brown,0.71,29.5,190,quadruped
Floatzel,Water,Flying,495,85,105,55,115,TRUE,Brown,1.09,33.5,75,quadruped
Cherubi,Grass,Flying,275,45,35,45,35,TRUE,Pink,0.41,3.3,190,multiple_bodies
Cherrim,Grass,Flying,450,70,60,70,85,TRUE,Pink,0.51,9.3,75,head_legs
Shellos,Water,Flying,325,76,48,48,34,TRUE,Purple,0.3,6.3,190,serpentine_body
Gastrodon,Water,Ground,475,111,83,68,39,TRUE,Purple,0.89,29.9,75,serpentine_body
Ambipom,Normal,Dragon,482,75,100,66,115,TRUE,Purple,1.19,20.3,45,bipedal_tailed
Drifloon,Ghost,Flying,348,90,50,34,70,TRUE,Purple,0.41,1.2,125,head_arms
Drifblim,Ghost,Flying,498,150,80,44,80,TRUE,Purple,1.19,15,60,head_arms
Buneary,Normal,Dragon,350,55,66,44,85,TRUE,Brown,0.41,5.5,190,bipedal_tailed
Lopunny,Normal,Dragon,480,65,76,84,105,TRUE,Brown,1.19,33.3,60,bipedal_tailed
Mismagius,Ghost,Dragon,495,60,60,60,105,TRUE,Purple,0.89,4.4,45,head_only
Honchkrow,Dark,Flying,505,100,125,52,71,TRUE,Black,0.89,27.3,30,two_wings
Glameow,Normal,Dragon,310,49,55,42,85,TRUE,Grey,0.51,3.9,190,quadruped
Purugly,Normal,Dragon,452,71,82,64,112,TRUE,Grey,0.99,43.8,75,quadruped
Chingling,Psychic,Dragon,285,45,30,50,45,TRUE,Yellow,0.2,0.6,120,bipedal_tailless
Stunky,Poison,Dark,329,63,63,47,74,TRUE,Purple,0.41,19.2,225,quadruped
Skuntank,Poison,Dark,479,103,93,67,84,TRUE,Purple,0.99,38,60,quadruped
Bronzor,Steel,Psychic,300,57,24,86,23,TRUE,Green,0.51,60.5,255,head_only
Bronzong,Steel,Psychic,500,67,89,116,33,TRUE,Green,1.3,187,90,head_arms
Bonsly,Rock,Dragon,290,50,80,95,10,TRUE,Brown,0.51,15,255,head_legs
Mime_Jr.,Psychic,Fairy,310,20,25,45,60,TRUE,Pink,0.61,13,145,bipedal_tailless
Happiny,Normal,Dragon,220,100,5,5,30,TRUE,Pink,0.61,24.4,130,bipedal_tailless
Chatot,Normal,Flying,411,76,65,45,91,TRUE,Black,0.51,1.9,30,two_wings
Spiritomb,Ghost,Dark,485,50,92,108,35,TRUE,Purple,0.99,108,100,head_base
Gible,Dragon,Ground,300,58,70,45,42,TRUE,Blue,0.71,20.5,45,bipedal_tailed
Gabite,Dragon,Ground,410,68,90,65,82,TRUE,Blue,1.4,56,45,bipedal_tailed
Garchomp,Dragon,Ground,600,108,130,95,102,TRUE,Blue,1.91,95,45,bipedal_tailed
Munchlax,Normal,Dragon,390,135,85,40,5,TRUE,Black,0.61,105,50,bipedal_tailless
Riolu,Fighting,Dragon,285,40,70,40,60,TRUE,Blue,0.71,20.2,75,bipedal_tailed
Lucario,Fighting,Steel,525,70,110,70,90,TRUE,Blue,1.19,54,45,bipedal_tailed
Hippopotas,Ground,Dragon,330,68,72,78,32,TRUE,Brown,0.79,49.5,140,quadruped
Hippowdon,Ground,Dragon,525,108,112,118,47,TRUE,Brown,2.01,300,60,quadruped
Skorupi,Poison,Bug,330,40,50,90,65,TRUE,Purple,0.79,12,120,insectoid
Drapion,Poison,Dark,500,70,90,110,95,TRUE,Purple,1.3,61.5,45,insectoid
Croagunk,Poison,Fighting,300,48,61,40,50,TRUE,Blue,0.71,23,140,bipedal_tailless
Toxicroak,Poison,Fighting,490,83,106,65,85,TRUE,Blue,1.3,44.4,75,bipedal_tailless
Carnivine,Grass,Dragon,454,74,100,72,46,TRUE,Green,1.4,27,200,several_limbs
Finneon,Water,Dragon,330,49,49,56,66,TRUE,Blue,0.41,7,190,with_fins
Lumineon,Water,Dragon,460,69,69,76,91,TRUE,Blue,1.19,24,75,with_fins
Mantyke,Water,Flying,345,45,20,50,50,TRUE,Blue,0.99,65,25,two_wings
Snover,Grass,Ice,334,60,62,50,40,TRUE,White,0.99,50.5,120,bipedal_tailed
Abomasnow,Grass,Ice,494,90,92,75,60,TRUE,White,2.21,135.5,60,bipedal_tailed
Weavile,Dark,Ice,510,70,120,65,125,TRUE,Black,1.09,34,45,bipedal_tailed
Magnezone,Electric,Steel,535,70,70,115,60,TRUE,Grey,1.19,180,30,head_arms
Lickilicky,Normal,Dragon,515,110,85,95,50,TRUE,Pink,1.7,140,30,bipedal_tailless
Rhyperior,Ground,Rock,535,115,140,130,40,TRUE,Grey,2.39,282.8,30,bipedal_tailed
Tangrowth,Grass,Dragon,535,100,100,125,50,TRUE,Blue,2.01,128.6,30,bipedal_tailless
Electivire,Electric,Dragon,540,75,123,67,95,TRUE,Yellow,1.8,138.6,30,bipedal_tailed
Magmortar,Fire,Dragon,540,75,95,67,83,TRUE,Red,1.6,68,30,bipedal_tailed
Togekiss,Fairy,Flying,545,85,50,95,80,TRUE,White,1.5,38,30,two_wings
Yanmega,Bug,Flying,515,86,76,86,95,TRUE,Green,1.91,51.5,30,four_wings
Leafeon,Grass,Dragon,525,65,110,130,95,TRUE,Green,0.99,25.5,45,quadruped
Glaceon,Ice,Dragon,525,65,60,110,65,TRUE,Blue,0.79,25.9,45,quadruped
Gliscor,Ground,Flying,510,75,95,125,95,TRUE,Purple,2.01,42.5,30,two_wings
Mamoswine,Ice,Ground,530,110,130,80,80,TRUE,Brown,2.49,291,50,quadruped
Porygon-Z,Normal,Dragon,535,85,80,70,90,TRUE,Red,0.89,34,30,head_arms
Gallade,Psychic,Fighting,518,68,125,65,80,TRUE,White,1.6,52,45,bipedal_tailless
Probopass,Rock,Steel,525,60,55,145,40,TRUE,Grey,1.4,340,60,multiple_bodies
Dusknoir,Ghost,Dragon,525,45,100,135,45,TRUE,Black,2.21,106.6,45,head_arms
Froslass,Ice,Ghost,480,70,80,70,110,TRUE,White,1.3,26.6,75,head_arms
Rotom,Electric,Ghost,440,50,50,77,91,TRUE,Red,0.3,0.3,45,head_only
Uxie,Psychic,Dragon,580,75,75,130,95,TRUE,Yellow,0.3,0.3,3,bipedal_tailed
Mesprit,Psychic,Dragon,580,80,105,105,80,TRUE,Pink,0.3,0.3,3,bipedal_tailed
Azelf,Psychic,Dragon,580,75,125,70,115,TRUE,Blue,0.3,0.3,3,bipedal_tailed
Dialga,Steel,Dragon,680,100,120,120,90,TRUE,White,5.41,683,3,quadruped
Palkia,Water,Dragon,680,90,120,100,100,TRUE,Purple,4.19,336,3,bipedal_tailed
Heatran,Fire,Steel,600,91,90,106,77,TRUE,Brown,1.7,430,3,quadruped
Regigigas,Normal,Dragon,670,110,160,110,100,TRUE,White,3.71,420,3,bipedal_tailless
Giratina,Ghost,Dragon,680,150,120,100,90,TRUE,Black,6.91,650,3,serpentine_body
Cresselia,Psychic,Fighting,600,120,70,120,85,TRUE,Yellow,1.5,85.6,3,serpentine_body
Phione,Water,Fighting,480,80,80,80,80,TRUE,Blue,0.41,3.1,30,head_arms
Manaphy,Water,Fighting,600,100,100,100,100,TRUE,Blue,0.3,1.4,3,bipedal_tailless
Darkrai,Dark,Fighting,600,70,90,90,125,TRUE,Black,1.5,50.5,3,bipedal_tailless
Shaymin,Grass,Fighting,600,100,100,100,100,TRUE,Green,0.2,2.1,45,quadruped
Arceus,Normal,Fighting,720,120,120,120,120,TRUE,Grey,3.2,320,3,quadruped
Victini,Psychic,Fire,600,100,100,100,100,TRUE,Yellow,0.41,4,3,bipedal_tailless
Snivy,Grass,Fighting,308,45,45,55,63,TRUE,Green,0.61,8.1,45,bipedal_tailed
Servine,Grass,Fighting,413,60,60,75,83,TRUE,Green,0.79,16,45,bipedal_tailed
Serperior,Grass,Fighting,528,75,75,95,113,TRUE,Green,3.3,63,45,serpentine_body
Tepig,Fire,Fighting,308,65,63,45,45,TRUE,Red,0.51,9.9,45,quadruped
Pignite,Fire,Fighting,418,90,93,55,55,TRUE,Red,0.99,55.5,45,bipedal_tailed
Emboar,Fire,Fighting,528,110,123,65,65,TRUE,Red,1.6,150,45,bipedal_tailed
Oshawott,Water,Flying,308,55,55,45,45,TRUE,Blue,0.51,5.9,45,bipedal_tailed
Dewott,Water,Flying,413,75,75,60,60,TRUE,Blue,0.79,24.5,45,bipedal_tailed
Samurott,Water,Flying,528,95,100,85,70,TRUE,Blue,1.5,94.6,45,quadruped
Patrat,Normal,Flying,255,45,55,39,42,TRUE,Brown,0.51,11.6,255,quadruped
Watchog,Normal,Flying,420,60,85,69,77,TRUE,Brown,1.09,27,255,bipedal_tailed
Lillipup,Normal,Flying,275,45,60,45,55,TRUE,Brown,0.41,4.1,255,quadruped
Herdier,Normal,Flying,370,65,80,65,60,TRUE,Grey,0.89,14.7,120,quadruped
Stoutland,Normal,Flying,500,85,110,90,80,TRUE,Grey,1.19,61,45,quadruped
Purrloin,Dark,Flying,281,41,50,37,66,TRUE,Purple,0.41,10.1,255,quadruped
Liepard,Dark,Flying,446,64,88,50,106,TRUE,Purple,1.09,37.5,90,quadruped
Pansage,Grass,Flying,316,50,53,48,64,TRUE,Green,0.61,10.5,190,bipedal_tailed
Simisage,Grass,Flying,498,75,98,63,101,TRUE,Green,1.09,30.5,75,bipedal_tailed
Pansear,Fire,Flying,316,50,53,48,64,TRUE,Red,0.61,11,190,bipedal_tailed
Simisear,Fire,Flying,498,75,98,63,101,TRUE,Red,0.99,28,75,bipedal_tailed
Panpour,Water,Flying,316,50,53,48,64,TRUE,Blue,0.61,13.5,190,bipedal_tailed
Simipour,Water,Flying,498,75,98,63,101,TRUE,Blue,0.99,29,75,bipedal_tailed
Munna,Psychic,Flying,292,76,25,45,24,TRUE,Pink,0.61,23.3,190,quadruped
Musharna,Psychic,Flying,487,116,55,85,29,TRUE,Pink,1.09,60.5,75,bipedal_tailless
Pidove,Normal,Flying,264,50,55,50,43,TRUE,Grey,0.3,2.1,255,two_wings
Tranquill,Normal,Flying,358,62,77,62,65,TRUE,Grey,0.61,15,120,two_wings
Unfezant,Normal,Flying,488,80,115,80,93,TRUE,Grey,1.19,29,45,two_wings
Blitzle,Electric,Flying,295,45,60,32,76,TRUE,Black,0.79,29.8,190,quadruped
Zebstrika,Electric,Flying,497,75,100,63,116,TRUE,Black,1.6,79.5,75,quadruped
Roggenrola,Rock,Flying,280,55,75,85,15,TRUE,Blue,0.41,18,255,head_legs
Boldore,Rock,Flying,390,70,105,105,20,TRUE,Blue,0.89,102,120,several_limbs
Gigalith,Rock,Flying,515,85,135,130,25,TRUE,Blue,1.7,260,45,several_limbs
Woobat,Psychic,Flying,313,55,45,43,72,TRUE,Blue,0.41,2.1,190,two_wings
Swoobat,Psychic,Flying,425,67,57,55,114,TRUE,Blue,0.89,10.5,45,two_wings
Drilbur,Ground,Electric,328,60,85,40,68,TRUE,Grey,0.3,8.5,120,bipedal_tailed
Excadrill,Ground,Steel,508,110,135,60,88,FALSE,Grey,0.71,40.4,60,bipedal_tailless
Audino,Normal,Electric,445,103,60,86,50,FALSE,Pink,1.09,31,255,bipedal_tailed
Timburr,Fighting,Electric,305,75,80,55,35,FALSE,Grey,0.61,12.5,180,bipedal_tailless
Gurdurr,Fighting,Electric,405,85,105,85,40,FALSE,Grey,1.19,40,90,bipedal_tailless
Conkeldurr,Fighting,Electric,505,105,140,95,45,FALSE,Grey,1.4,87,45,bipedal_tailless
Tympole,Water,Electric,294,50,50,40,64,FALSE,Blue,0.51,4.5,255,with_fins
Palpitoad,Water,Ground,384,75,65,55,69,FALSE,Blue,0.79,17,120,bipedal_tailed
Seismitoad,Water,Ground,509,105,95,75,74,FALSE,Blue,1.5,62,45,bipedal_tailless
Throh,Fighting,Electric,465,120,100,85,45,FALSE,Red,1.3,55.5,45,bipedal_tailless
Sawk,Fighting,Electric,465,75,125,75,85,FALSE,Blue,1.4,51,45,bipedal_tailless
Sewaddle,Bug,Grass,310,45,53,70,42,FALSE,Yellow,0.3,2.5,255,insectoid
Swadloon,Bug,Grass,380,55,63,90,42,FALSE,Green,0.51,7.3,120,head_arms
Leavanny,Bug,Grass,500,75,103,80,92,FALSE,Yellow,1.19,20.5,45,bipedal_tailless
Venipede,Bug,Poison,260,30,45,59,57,FALSE,Red,0.41,5.3,255,insectoid
Whirlipede,Bug,Poison,360,40,55,99,47,FALSE,Grey,1.19,58.5,120,head_only
Scolipede,Bug,Poison,485,60,100,89,112,FALSE,Red,2.49,200.5,45,insectoid
Cottonee,Grass,Fairy,280,40,27,60,66,FALSE,Green,0.3,0.6,190,head_only
Whimsicott,Grass,Fairy,480,60,67,85,116,FALSE,Green,0.71,6.6,75,bipedal_tailless
Petilil,Grass,Electric,280,45,35,50,30,FALSE,Green,0.51,6.6,190,head_base
Lilligant,Grass,Electric,480,70,60,75,90,FALSE,Green,1.09,16.3,75,head_base
Basculin,Water,Electric,460,70,92,65,98,FALSE,Green,0.99,18,25,with_fins
Sandile,Ground,Dark,292,50,72,35,65,FALSE,Brown,0.71,15.2,180,quadruped
Krokorok,Ground,Dark,351,60,82,45,74,FALSE,Brown,0.99,33.4,90,quadruped
Krookodile,Ground,Dark,519,95,117,80,92,FALSE,Red,1.5,96.3,45,bipedal_tailed
Darumaka,Fire,Electric,315,70,90,45,50,FALSE,Red,0.61,37.5,120,bipedal_tailless
Darmanitan,Fire,Electric,480,105,140,55,95,FALSE,Red,1.3,92.9,60,quadruped
Maractus,Grass,Electric,461,75,86,67,60,FALSE,Green,0.99,28,255,head_base
Dwebble,Bug,Rock,325,50,65,85,55,FALSE,Red,0.3,14.5,190,insectoid
Crustle,Bug,Rock,475,70,95,125,45,FALSE,Red,1.4,200,75,insectoid
Scraggy,Dark,Fighting,348,50,75,70,48,FALSE,Yellow,0.61,11.8,180,bipedal_tailed
Scrafty,Dark,Fighting,488,65,90,115,58,FALSE,Red,1.09,30,90,bipedal_tailed
Sigilyph,Psychic,Flying,490,72,58,80,97,FALSE,Black,1.4,14,45,two_wings
Yamask,Ghost,Electric,303,38,30,85,30,FALSE,Black,0.51,1.5,190,head_arms
Cofagrigus,Ghost,Electric,483,58,50,145,30,FALSE,Yellow,1.7,76.5,90,head_base
Tirtouga,Water,Rock,355,54,78,103,22,FALSE,Blue,0.71,16.5,45,quadruped
Carracosta,Water,Rock,495,74,108,133,32,FALSE,Blue,1.19,81,45,bipedal_tailed
Archen,Rock,Flying,401,55,112,45,70,FALSE,Yellow,0.51,9.5,45,two_wings
Archeops,Rock,Flying,567,75,140,65,110,FALSE,Yellow,1.4,32,45,two_wings
Trubbish,Poison,Electric,329,50,50,62,65,FALSE,Green,0.61,31,190,bipedal_tailless
Garbodor,Poison,Electric,474,80,95,82,75,FALSE,Green,1.91,107.3,60,bipedal_tailless
Zorua,Dark,Electric,330,40,65,40,65,FALSE,Grey,0.71,12.5,75,quadruped
Zoroark,Dark,Electric,510,60,105,60,105,FALSE,Grey,1.6,81.1,45,bipedal_tailed
Minccino,Normal,Electric,300,55,50,40,75,FALSE,Grey,0.41,5.8,255,quadruped
Cinccino,Normal,Electric,470,75,95,60,115,FALSE,Grey,0.51,7.5,60,quadruped
Gothita,Psychic,Electric,290,45,30,50,45,FALSE,Purple,0.41,5.8,200,bipedal_tailless
Gothorita,Psychic,Electric,390,60,45,70,55,FALSE,Purple,0.71,18,100,bipedal_tailless
Gothitelle,Psychic,Electric,490,70,55,95,65,FALSE,Purple,1.5,44,50,bipedal_tailless
Solosis,Psychic,Electric,290,45,30,40,20,FALSE,Green,0.3,1,200,head_only
Duosion,Psychic,Electric,370,65,40,50,30,FALSE,Green,0.61,8,100,head_only
Reuniclus,Psychic,Electric,490,110,65,75,30,FALSE,Green,0.99,20.1,50,head_arms
Ducklett,Water,Flying,305,62,44,50,55,FALSE,Blue,0.51,5.5,190,two_wings
Swanna,Water,Flying,473,75,87,63,98,FALSE,White,1.3,24.2,45,two_wings
Vanillite,Ice,Electric,305,36,50,50,44,FALSE,White,0.41,5.7,255,head_base
Vanillish,Ice,Electric,395,51,65,65,59,FALSE,White,1.09,41,120,head_base
Vanilluxe,Ice,Electric,535,71,95,85,79,FALSE,White,1.3,57.5,45,multiple_bodies
Deerling,Normal,Grass,335,60,60,50,75,FALSE,Yellow,0.61,19.5,190,quadruped
Sawsbuck,Normal,Grass,475,80,100,70,95,FALSE,Brown,1.91,92.5,75,quadruped
Emolga,Electric,Flying,428,55,75,60,103,FALSE,White,0.41,5,200,quadruped
Karrablast,Bug,Electric,315,50,75,45,60,FALSE,Blue,0.51,5.9,200,bipedal_tailless
Escavalier,Bug,Steel,495,70,135,105,20,FALSE,Grey,0.99,33,75,head_arms
Foongus,Grass,Poison,294,69,55,45,15,FALSE,White,0.2,1,190,head_arms
Amoonguss,Grass,Poison,464,114,85,70,30,FALSE,Grey,0.61,10.5,75,head_arms
Frillish,Water,Ghost,335,55,40,50,40,FALSE,White,1.19,33,190,several_limbs
Jellicent,Water,Ghost,480,100,60,70,60,FALSE,White,2.21,135,60,several_limbs
Alomomola,Water,Electric,470,165,75,80,65,FALSE,Pink,1.19,31.6,75,with_fins
Joltik,Bug,Electric,319,50,47,50,65,FALSE,Yellow,0.1,0.6,190,insectoid
Galvantula,Bug,Electric,472,70,77,60,108,FALSE,Yellow,0.79,14.3,75,insectoid
Ferroseed,Grass,Steel,305,44,50,91,10,FALSE,Grey,0.61,18.8,255,head_only
Ferrothorn,Grass,Steel,489,74,94,131,20,FALSE,Grey,0.99,110,90,several_limbs
Klink,Steel,Fire,300,40,55,70,30,FALSE,Grey,0.3,21,130,multiple_bodies
Klang,Steel,Fire,440,60,80,95,50,FALSE,Grey,0.61,51,60,multiple_bodies
Klinklang,Steel,Fire,520,60,100,115,90,FALSE,Grey,0.61,81,30,multiple_bodies
Tynamo,Electric,Fire,275,35,55,40,60,FALSE,White,0.2,0.3,190,with_fins
Eelektrik,Electric,Fire,405,65,85,70,40,FALSE,Blue,1.19,22,60,with_fins
Eelektross,Electric,Fire,515,85,115,80,50,FALSE,Blue,2.11,80.5,30,with_fins
Elgyem,Psychic,Fire,335,55,55,55,30,FALSE,Grey,0.51,9,255,bipedal_tailed
Beheeyem,Psychic,Fire,485,75,75,75,40,FALSE,Brown,0.99,34.5,90,bipedal_tailless
Litwick,Ghost,Fire,275,50,30,55,20,FALSE,White,0.3,3.1,190,head_base
Lampent,Ghost,Fire,370,60,40,60,55,FALSE,Black,0.61,13,90,head_arms
Chandelure,Ghost,Fire,520,60,55,90,80,FALSE,Black,0.99,34.3,45,head_arms
Axew,Dragon,Flying,320,46,87,60,57,FALSE,Green,0.61,18,75,bipedal_tailed
Fraxure,Dragon,Flying,410,66,117,70,67,FALSE,Green,0.99,36,60,bipedal_tailed
Haxorus,Dragon,Flying,540,76,147,90,97,FALSE,Yellow,1.8,105.5,45,bipedal_tailed
Cubchoo,Ice,Flying,305,55,70,40,40,FALSE,Blue,0.51,8.5,120,bipedal_tailed
Beartic,Ice,Flying,485,95,110,80,50,FALSE,White,2.59,260,60,quadruped
Cryogonal,Ice,Flying,485,70,50,30,105,FALSE,Blue,1.09,148,25,head_only
Shelmet,Bug,Flying,305,50,40,85,25,FALSE,Red,0.41,7.7,200,head_only
Accelgor,Bug,Flying,495,80,70,40,145,FALSE,Red,0.79,25.3,75,head_arms
Stunfisk,Ground,Electric,471,109,66,84,32,FALSE,Brown,0.71,11,75,with_fins
Mienfoo,Fighting,Flying,350,45,85,50,65,FALSE,Yellow,0.89,20,180,bipedal_tailed
Mienshao,Fighting,Flying,510,65,125,60,105,FALSE,Purple,1.4,35.5,45,bipedal_tailed
Druddigon,Dragon,Flying,485,77,120,90,48,FALSE,Red,1.6,139,45,bipedal_tailed
Golett,Ground,Ghost,303,59,74,50,35,FALSE,Green,0.99,92,190,bipedal_tailless
Golurk,Ground,Ghost,483,89,124,80,55,FALSE,Green,2.79,330,90,bipedal_tailless
Pawniard,Dark,Steel,340,45,85,70,60,FALSE,Red,0.51,10.2,120,bipedal_tailless
Bisharp,Dark,Steel,490,65,125,100,70,FALSE,Red,1.6,70,45,bipedal_tailless
Bouffalant,Normal,Flying,490,95,110,95,55,FALSE,Brown,1.6,94.6,45,quadruped
Rufflet,Normal,Flying,350,70,83,50,60,FALSE,White,0.51,10.5,190,two_wings
Braviary,Normal,Flying,510,100,123,75,80,FALSE,Red,1.5,41,60,two_wings
Vullaby,Dark,Flying,370,70,55,75,60,FALSE,Brown,0.51,9,190,two_wings
Mandibuzz,Dark,Flying,510,110,65,105,80,FALSE,Brown,1.19,39.5,60,two_wings
Heatmor,Fire,Flying,484,85,97,66,65,FALSE,Red,1.4,58,90,bipedal_tailed
Durant,Bug,Steel,484,58,109,112,109,FALSE,Grey,0.3,33,90,insectoid
Deino,Dark,Dragon,300,52,65,50,38,FALSE,Blue,0.79,17.3,45,quadruped
Zweilous,Dark,Dragon,420,72,85,70,58,FALSE,Blue,1.4,50,45,quadruped
Hydreigon,Dark,Dragon,600,92,105,90,98,FALSE,Blue,1.8,160,45,bipedal_tailed
Larvesta,Bug,Fire,360,55,85,55,60,FALSE,White,1.09,28.8,45,insectoid
Volcarona,Bug,Fire,550,85,60,65,100,FALSE,White,1.6,46,15,four_wings
Cobalion,Steel,Fighting,580,91,90,129,108,FALSE,Blue,2.11,250,3,quadruped
Terrakion,Rock,Fighting,580,91,129,90,108,FALSE,Grey,1.91,260,3,quadruped
Virizion,Grass,Fighting,580,91,90,72,108,FALSE,Green,2.01,200,3,quadruped
Tornadus,Flying,Psychic,580,79,115,70,111,FALSE,Green,1.5,63,3,head_arms
Thundurus,Electric,Flying,580,79,115,70,111,FALSE,Blue,1.5,61,3,head_arms
Reshiram,Dragon,Fire,680,100,120,100,90,FALSE,White,3.2,330,3,two_wings
Zekrom,Dragon,Electric,680,100,150,120,90,FALSE,Black,2.9,345,3,bipedal_tailed
Landorus,Ground,Flying,600,89,125,90,101,FALSE,Brown,1.5,68,3,head_arms
Kyurem,Dragon,Ice,660,125,130,90,95,FALSE,Grey,3,325,3,bipedal_tailed
Keldeo,Water,Fighting,580,91,72,90,108,FALSE,Yellow,1.4,48.5,3,quadruped
Meloetta,Normal,Psychic,600,100,77,77,90,FALSE,White,0.61,6.5,3,bipedal_tailless
Genesect,Bug,Steel,600,71,120,95,99,FALSE,Purple,1.5,82.5,3,bipedal_tailless
Chespin,Grass,Psychic,313,56,61,65,38,FALSE,Green,0.41,9,45,bipedal_tailed
Quilladin,Grass,Psychic,405,61,78,95,57,FALSE,Green,0.71,29,45,bipedal_tailed
Chesnaught,Grass,Fighting,530,88,107,122,64,FALSE,Green,1.6,90,45,bipedal_tailed
Fennekin,Fire,Psychic,307,40,45,40,60,FALSE,Red,0.41,9.4,45,quadruped
Braixen,Fire,Psychic,409,59,59,58,73,FALSE,Red,0.99,14.5,45,bipedal_tailed
Delphox,Fire,Psychic,534,75,69,72,104,FALSE,Red,1.5,39,45,bipedal_tailed
Froakie,Water,Psychic,314,41,56,40,71,FALSE,Blue,0.3,7,45,quadruped
Frogadier,Water,Psychic,405,54,63,52,97,FALSE,Blue,0.61,10.9,45,bipedal_tailless
Greninja,Water,Dark,530,72,95,67,122,FALSE,Blue,1.5,40,45,bipedal_tailless
Bunnelby,Normal,Dark,237,38,36,38,57,FALSE,Brown,0.41,5,255,bipedal_tailed
Diggersby,Normal,Ground,423,85,56,77,78,FALSE,Brown,0.99,42.4,127,bipedal_tailed
Fletchling,Normal,Flying,278,45,50,43,62,FALSE,Red,0.3,1.7,255,two_wings
Fletchinder,Fire,Flying,382,62,73,55,84,FALSE,Red,0.71,16,120,two_wings
Talonflame,Fire,Flying,499,78,81,71,126,FALSE,Red,1.19,24.5,45,two_wings
Scatterbug,Bug,Dark,200,38,35,40,35,FALSE,Black,0.3,2.5,255,insectoid
Spewpa,Bug,Dark,213,45,22,60,29,FALSE,Black,0.3,8.4,120,head_base
Vivillon,Bug,Flying,411,80,52,50,89,FALSE,Black,1.19,17,45,four_wings
Litleo,Fire,Normal,369,62,50,58,72,FALSE,Brown,0.61,13.5,220,quadruped
Pyroar,Fire,Normal,507,86,68,72,106,FALSE,Brown,1.5,81.5,65,quadruped
Flabébé,Fairy,Dark,303,44,38,39,42,FALSE,White,0.1,0.1,225,head_arms
Floette,Fairy,Dark,371,54,45,47,52,FALSE,White,0.2,0.9,120,head_arms
Florges,Fairy,Dark,552,78,65,68,75,FALSE,White,1.09,10,45,head_arms
Skiddo,Grass,Dark,350,66,65,48,52,FALSE,Brown,0.89,31,200,quadruped
Gogoat,Grass,Dark,531,123,100,62,68,FALSE,Brown,1.7,91,45,quadruped
Pancham,Fighting,Dark,348,67,82,62,43,FALSE,White,0.61,8,220,bipedal_tailed
Pangoro,Fighting,Dark,495,95,124,78,58,FALSE,White,2.11,136,65,bipedal_tailless
Furfrou,Normal,Ghost,472,75,80,60,102,FALSE,White,1.19,28,160,quadruped
Espurr,Psychic,Ghost,355,62,48,54,68,FALSE,Grey,0.3,3.5,190,bipedal_tailed
Meowstic,Psychic,Ghost,466,74,48,76,104,FALSE,White,0.61,8.5,75,bipedal_tailed
Honedge,Steel,Ghost,325,45,80,100,28,FALSE,Brown,0.79,2,180,head_base
Doublade,Steel,Ghost,448,59,110,150,35,FALSE,Brown,0.84,4.5,90,multiple_bodies
Aegislash,Steel,Ghost,520,60,50,150,60,FALSE,Brown,1.7,53,45,head_base
Spritzee,Fairy,Psychic,341,78,52,60,23,FALSE,Pink,0.2,0.5,200,head_arms
Aromatisse,Fairy,Psychic,462,101,72,72,29,FALSE,Pink,0.79,15.5,140,bipedal_tailless
Swirlix,Fairy,Psychic,341,62,48,66,49,FALSE,White,0.41,3.5,200,head_legs
Slurpuff,Fairy,Psychic,480,82,80,86,72,FALSE,White,0.79,5,140,bipedal_tailless
Inkay,Dark,Psychic,288,53,54,53,45,FALSE,Blue,0.41,3.5,190,several_limbs
Malamar,Dark,Psychic,482,86,92,88,73,FALSE,Blue,1.5,47,80,head_base
Binacle,Rock,Water,306,42,52,67,50,FALSE,Brown,0.51,31,120,multiple_bodies
Barbaracle,Rock,Water,500,72,105,115,68,FALSE,Brown,1.3,96,45,multiple_bodies
Skrelp,Poison,Water,320,50,60,60,30,FALSE,Brown,0.51,7.3,225,head_base
Dragalge,Poison,Dragon,494,65,75,90,44,FALSE,Brown,1.8,81.5,55,head_base
Clauncher,Water,Ice,330,50,53,62,44,FALSE,Blue,0.51,8.3,225,insectoid
Clawitzer,Water,Ice,500,71,73,88,59,FALSE,Blue,1.3,35.3,55,serpentine_body
Helioptile,Electric,Normal,289,44,38,33,70,FALSE,Yellow,0.51,6,190,bipedal_tailed
Heliolisk,Electric,Normal,481,62,55,52,109,FALSE,Yellow,0.99,21,75,bipedal_tailed
Tyrunt,Rock,Dragon,362,58,89,77,48,FALSE,Brown,0.79,26,45,bipedal_tailed
Tyrantrum,Rock,Dragon,521,82,121,119,71,FALSE,Red,2.49,270,45,bipedal_tailed
Amaura,Rock,Ice,362,77,59,50,46,FALSE,Blue,1.3,25.2,45,quadruped
Aurorus,Rock,Ice,521,123,77,72,58,FALSE,Blue,2.69,225,45,quadruped
Sylveon,Fairy,Ice,525,95,65,65,60,FALSE,Pink,0.99,23.5,45,quadruped
Hawlucha,Fighting,Flying,500,78,92,75,118,FALSE,Green,0.79,21.5,100,bipedal_tailless
Dedenne,Electric,Fairy,431,67,58,57,101,FALSE,Yellow,0.2,2.2,180,bipedal_tailed
Carbink,Rock,Fairy,500,50,50,150,50,FALSE,Grey,0.3,5.7,60,head_only
Goomy,Dragon,Fairy,300,45,50,35,40,FALSE,Purple,0.3,2.8,45,serpentine_body
Sliggoo,Dragon,Fairy,452,68,75,53,60,FALSE,Purple,0.79,17.5,45,serpentine_body
Goodra,Dragon,Fairy,600,90,100,70,80,FALSE,Purple,2.01,150.5,45,bipedal_tailed
Klefki,Steel,Fairy,470,57,80,91,75,FALSE,Grey,0.2,3,75,head_only
Phantump,Ghost,Grass,309,43,70,48,38,FALSE,Brown,0.41,7,120,head_arms
Trevenant,Ghost,Grass,474,85,110,76,56,FALSE,Brown,1.5,71,60,several_limbs
Pumpkaboo,Ghost,Grass,335,49,66,70,51,FALSE,Brown,0.41,5,120,head_only
Gourgeist,Ghost,Grass,494,65,90,122,84,FALSE,Brown,1.7,39,60,head_base
Bergmite,Ice,Dragon,304,55,69,85,28,FALSE,Blue,0.99,99.5,190,quadruped
Avalugg,Ice,Dragon,514,95,117,184,28,FALSE,Blue,2.01,505,55,quadruped
Noibat,Flying,Dragon,245,40,30,35,55,FALSE,Purple,0.51,8,190,two_wings
Noivern,Flying,Dragon,535,85,70,80,123,FALSE,Purple,1.5,85,45,two_wings
Xerneas,Fairy,Dragon,680,126,131,95,99,FALSE,Blue,3,215,45,quadruped
Yveltal,Dark,Flying,680,126,131,95,99,FALSE,Red,5.79,203,45,two_wings
Zygarde,Dragon,Ground,600,108,100,121,95,FALSE,Green,5,305,3,serpentine_body
Diancie,Rock,Fairy,600,50,100,150,50,FALSE,Pink,0.71,8.8,3,head_arms
Hoopa,Psychic,Ghost,600,80,110,60,70,FALSE,Purple,0.51,9,3,head_only
Volcanion,Fire,Water,600,80,110,120,70,FALSE,Brown,1.7,195,3,quadruped
